{
    "train_R2": 0.05941106978722943,
    "test_RMSE": 24.810534114316646
}
